review,rating,date
"The battery life on this headphone is absolutely amazing. Lasts over 30 hours on a single charge.",5,2024-01-15
"Terrible bluetooth connection keeps dropping every few minutes. Very disappointed.",1,2024-01-16
"Sound quality is excellent, deep bass and clear highs. Worth every penny.",5,2024-01-17
"The price is a bit high but the build quality justifies it. Sturdy and premium feel.",4,2024-01-18
"Customer service was incredibly helpful when I had an issue with the product.",5,2024-01-19
"Display is bright and vivid but the camera quality is below average for the price.",3,2024-01-20
"Performance lags when multiple apps are open. The processor is not powerful enough.",2,2024-01-21
"Delivery was fast and packaging was excellent. Product arrived in perfect condition.",5,2024-01-22
"Battery drains extremely fast, barely lasts 4 hours with normal use.",1,2024-01-23
"The software crashes frequently and updates are slow to fix bugs.",2,2024-01-24
"Great value for money. Does everything I need at an affordable price.",5,2024-01-25
"The weight is too heavy for long commutes, gets uncomfortable after an hour.",3,2024-01-26
"WiFi connectivity is strong and stable. Never drops in my large apartment.",5,2024-01-27
"Sound gets distorted at high volumes, especially the treble range.",2,2024-01-28
"Camera takes stunning photos in daylight but struggles in low light conditions.",4,2024-01-29
"The app interface is intuitive and easy to navigate. Great user experience.",5,2024-01-30
"Build quality feels cheap. Plastic casing creaks and doesn't feel durable.",1,2024-02-01
"Charging takes way too long, over 4 hours for a full charge is unacceptable.",2,2024-02-02
"The screen resolution is crisp and colours are accurate. Perfect for media.",5,2024-02-03
"Customer support never responded to my return request. Very frustrating experience.",1,2024-02-04
"Excellent performance. Apps open instantly and multitasking is smooth.",5,2024-02-05
"Price dropped significantly after my purchase. Wish I had waited a week.",3,2024-02-06
"The speakers produce rich, immersive sound. Music sounds incredible.",5,2024-02-07
"Bluetooth range is poor, disconnects if I go to another room.",2,2024-02-08
"Packaging was minimal but product was undamaged. Eco-friendly approach.",4,2024-02-09
"Battery charges to 100% in just 45 minutes with the fast charger included.",5,2024-02-10
"The camera app has too many unnecessary features and is confusing to use.",2,2024-02-11
"Very lightweight and compact, perfect for travel and daily commute.",5,2024-02-12
"Software update broke several features. Still waiting for a fix two weeks later.",1,2024-02-13
"Delivery took 3 weeks, much longer than estimated. No updates were provided.",1,2024-02-14
"Outstanding display quality. Watching movies on this is a genuine pleasure.",5,2024-02-15
"The price is reasonable considering the premium build quality and features.",4,2024-02-16
"Performance benchmark results are impressive. Best in its price category.",5,2024-02-17
"The earbuds don't fit comfortably, keep falling out during exercise.",2,2024-02-18
"Customer service responded within hours and resolved my issue immediately.",5,2024-02-19
"Decent product overall. Nothing exceptional but works reliably.",3,2024-02-20
"The battery indicator is inaccurate, drops from 50% to dead suddenly.",2,2024-02-21
"WiFi drops during video calls which makes it unusable for remote work.",1,2024-02-22
"Great camera features. Portrait mode is particularly impressive.",5,2024-02-23
"The sound is flat and lacks bass. Not what I expected for the price.",2,2024-02-24
"Very happy with the purchase. Exceeded my expectations in every way.",5,2024-02-25
"The display has a noticeable yellow tint that cannot be fixed in settings.",2,2024-02-26
"Solid mid-range option. Good performance for everyday tasks.",4,2024-02-27
"Battery swells after 6 months of use, which is a safety concern.",1,2024-02-28
"The build quality is exceptional. Premium materials that will last years.",5,2024-03-01
"Software is bloated with pre-installed apps that cannot be removed.",2,2024-03-02
"Arrived three days early and packaging was impeccable. Great first impression.",5,2024-03-03
"The price point makes this the best option in this category hands down.",5,2024-03-04
"Sound quality deteriorated significantly after just two months of use.",1,2024-03-05
"Camera produces sharp and detailed images even in challenging lighting.",5,2024-03-06
